{
    "id": "NID_3379",
    "version": 1,
    "lastNodeIndex": 3634,
    "lastSocketIndex": 17131,
    "enter": "NID_3380",
    "exit": "NID_3381",
    "nodes": [
        {
            "id": "NID_3380",
            "name": "Enter",
            "title": "Enter",
            "functional": false,
            "meta": {
                "titlePos": {
                    "x": 25,
                    "y": -25
                },
                "pos": {
                    "x": -257.1297302246094,
                    "y": 95.81425476074219
                }
            },
            "inputs": [],
            "outputs": [
                {
                    "id": "SID_16191",
                    "name": "Val",
                    "node": null,
                    "type": "any",
                    "value": 0,
                    "cached": true,
                    "canEditName": false,
                    "canEditType": false,
                    "peers": []
                }
            ],
            "prev": null,
            "nexts": [
                {
                    "id": "SID_16192",
                    "name": "Begin",
                    "node": null,
                    "peer": null
                }
            ]
        },
        {
            "id": "NID_3381",
            "name": "Exit",
            "title": "Exit",
            "functional": false,
            "meta": {
                "pos": {
                    "x": 930.4227905273438,
                    "y": -22.34864330291748
                },
                "titlePos": {
                    "x": 25,
                    "y": -25
                }
            },
            "inputs": [
                {
                    "id": "SID_16193",
                    "name": "Val",
                    "node": null,
                    "type": "any",
                    "value": "0",
                    "canEditName": false,
                    "canEditType": false,
                    "peer": null
                }
            ],
            "outputs": [],
            "prev": {
                "id": "SID_16194",
                "name": "End",
                "node": null,
                "peers": []
            },
            "nexts": []
        },
        {
            "id": "NID_3393",
            "name": "Setvar",
            "title": "Setvar",
            "functional": false,
            "meta": {
                "titlePos": {
                    "x": 25,
                    "y": -25
                },
                "pos": {
                    "x": 28.614148139953613,
                    "y": 95.42655181884766
                }
            },
            "inputs": [
                {
                    "id": "SID_16232",
                    "name": "Name",
                    "node": null,
                    "type": "string",
                    "value": "a",
                    "canEditName": false,
                    "canEditType": false,
                    "peer": null
                },
                {
                    "id": "SID_16233",
                    "name": "Val",
                    "node": null,
                    "type": "any",
                    "value": "1",
                    "canEditName": false,
                    "canEditType": false,
                    "peer": null
                }
            ],
            "outputs": [
                {
                    "id": "SID_16234",
                    "name": "Val",
                    "node": null,
                    "type": "any",
                    "value": "1",
                    "cached": true,
                    "canEditName": false,
                    "canEditType": false,
                    "peers": []
                }
            ],
            "prev": {
                "id": "SID_16236",
                "name": "In",
                "node": null,
                "peers": []
            },
            "nexts": [
                {
                    "id": "SID_16235",
                    "name": "Out",
                    "node": null,
                    "peer": null
                }
            ]
        },
        {
            "id": "NID_3431",
            "name": "For",
            "title": "For",
            "functional": false,
            "meta": {
                "titlePos": {
                    "x": 25,
                    "y": -25
                },
                "pos": {
                    "x": 317.72705078125,
                    "y": 97.25466918945312
                }
            },
            "inputs": [
                {
                    "id": "SID_16370",
                    "name": "From",
                    "node": null,
                    "type": "number",
                    "value": "1",
                    "canEditName": false,
                    "canEditType": false,
                    "peer": null
                },
                {
                    "id": "SID_16371",
                    "name": "To",
                    "node": null,
                    "type": "number",
                    "value": "10",
                    "canEditName": false,
                    "canEditType": false,
                    "peer": null
                }
            ],
            "outputs": [
                {
                    "id": "SID_16372",
                    "name": "Index",
                    "node": null,
                    "type": "number",
                    "value": 9,
                    "cached": true,
                    "canEditName": false,
                    "canEditType": false,
                    "peers": []
                }
            ],
            "prev": {
                "id": "SID_16375",
                "name": "In",
                "node": null,
                "peers": []
            },
            "nexts": [
                {
                    "id": "SID_16373",
                    "name": "Out",
                    "node": null,
                    "peer": null
                },
                {
                    "id": "SID_16374",
                    "name": "Do",
                    "node": null,
                    "peer": null
                }
            ]
        },
        {
            "id": "NID_3477",
            "name": "Setvar",
            "title": "Setvar",
            "functional": false,
            "meta": {
                "titlePos": {
                    "x": 25,
                    "y": -25
                },
                "pos": {
                    "x": 888.7174072265625,
                    "y": 128.8859100341797
                }
            },
            "inputs": [
                {
                    "id": "SID_16544",
                    "name": "Name",
                    "node": null,
                    "type": "string",
                    "value": "a",
                    "canEditName": false,
                    "canEditType": false,
                    "peer": null
                },
                {
                    "id": "SID_16545",
                    "name": "Val",
                    "node": null,
                    "type": "any",
                    "value": 362880,
                    "canEditName": false,
                    "canEditType": false,
                    "peer": null
                }
            ],
            "outputs": [
                {
                    "id": "SID_16546",
                    "name": "Val",
                    "node": null,
                    "type": "any",
                    "value": 362880,
                    "cached": true,
                    "canEditName": false,
                    "canEditType": false,
                    "peers": []
                }
            ],
            "prev": {
                "id": "SID_16548",
                "name": "In",
                "node": null,
                "peers": []
            },
            "nexts": [
                {
                    "id": "SID_16547",
                    "name": "Out",
                    "node": null,
                    "peer": null
                }
            ]
        },
        {
            "id": "NID_3530",
            "name": "FMul",
            "title": "FMul",
            "functional": true,
            "meta": {
                "titlePos": {
                    "x": 25,
                    "y": -25
                },
                "pos": {
                    "x": 610.96923828125,
                    "y": 247.65280151367188
                }
            },
            "inputs": [
                {
                    "id": "SID_16734",
                    "name": "0",
                    "node": null,
                    "type": "number",
                    "value": 9,
                    "canEditName": false,
                    "canEditType": false,
                    "peer": null
                },
                {
                    "id": "SID_16735",
                    "name": "1",
                    "node": null,
                    "type": "number",
                    "value": 40320,
                    "canEditName": false,
                    "canEditType": false,
                    "peer": null
                }
            ],
            "outputs": [
                {
                    "id": "SID_16736",
                    "name": "Val",
                    "node": null,
                    "type": "number",
                    "value": 362880,
                    "cached": false,
                    "canEditName": false,
                    "canEditType": false,
                    "peers": []
                }
            ],
            "prev": null,
            "nexts": []
        },
        {
            "id": "NID_3556",
            "name": "FGetvar",
            "title": "FGetvar",
            "functional": true,
            "meta": {
                "titlePos": {
                    "x": 25,
                    "y": -25
                },
                "pos": {
                    "x": 328.12615966796875,
                    "y": 359.176025390625
                }
            },
            "inputs": [
                {
                    "id": "SID_16836",
                    "name": "Name",
                    "node": null,
                    "type": "string",
                    "value": "a",
                    "canEditName": false,
                    "canEditType": false,
                    "peer": null
                }
            ],
            "outputs": [
                {
                    "id": "SID_16837",
                    "name": "Val",
                    "node": null,
                    "type": "any",
                    "value": 362880,
                    "cached": false,
                    "canEditName": false,
                    "canEditType": false,
                    "peers": []
                }
            ],
            "prev": null,
            "nexts": []
        },
        {
            "id": "NID_3596",
            "name": "Console",
            "title": "Console",
            "functional": false,
            "meta": {
                "titlePos": {
                    "x": 25,
                    "y": -25
                },
                "pos": {
                    "x": 641.6333618164062,
                    "y": -21.938217163085938
                }
            },
            "inputs": [
                {
                    "id": "SID_16986",
                    "name": "Val",
                    "node": null,
                    "type": "any",
                    "value": 362880,
                    "canEditName": false,
                    "canEditType": false,
                    "peer": null
                }
            ],
            "outputs": [],
            "prev": {
                "id": "SID_16988",
                "name": "In",
                "node": null,
                "peers": []
            },
            "nexts": [
                {
                    "id": "SID_16987",
                    "name": "Out",
                    "node": null,
                    "peer": null
                }
            ]
        }
    ],
    "connections": [
        {
            "type": "pn",
            "sourceNode": "NID_3380",
            "sourceSocket": "SID_16192",
            "targetNode": "NID_3393",
            "targetSocket": "SID_16236"
        },
        {
            "type": "pn",
            "sourceNode": "NID_3596",
            "sourceSocket": "SID_16987",
            "targetNode": "NID_3381",
            "targetSocket": "SID_16194"
        },
        {
            "type": "pn",
            "sourceNode": "NID_3393",
            "sourceSocket": "SID_16235",
            "targetNode": "NID_3431",
            "targetSocket": "SID_16375"
        },
        {
            "type": "io",
            "sourceNode": "NID_3431",
            "sourceSocket": "SID_16372",
            "targetNode": "NID_3530",
            "targetSocket": "SID_16734"
        },
        {
            "type": "pn",
            "sourceNode": "NID_3431",
            "sourceSocket": "SID_16373",
            "targetNode": "NID_3596",
            "targetSocket": "SID_16988"
        },
        {
            "type": "pn",
            "sourceNode": "NID_3431",
            "sourceSocket": "SID_16374",
            "targetNode": "NID_3477",
            "targetSocket": "SID_16548"
        },
        {
            "type": "io",
            "sourceNode": "NID_3530",
            "sourceSocket": "SID_16736",
            "targetNode": "NID_3477",
            "targetSocket": "SID_16545"
        },
        {
            "type": "io",
            "sourceNode": "NID_3556",
            "sourceSocket": "SID_16837",
            "targetNode": "NID_3530",
            "targetSocket": "SID_16735"
        },
        {
            "type": "io",
            "sourceNode": "NID_3556",
            "sourceSocket": "SID_16837",
            "targetNode": "NID_3596",
            "targetSocket": "SID_16986"
        }
    ]
}